code,used_count
9971,0
6957,0
1208,0
4496,0
9003,0
7901,0
1741,0
2740,0
9082,0
8042,0
8688,0
8191,0
0011,0
9315,0
3619,0
2876,0
9320,0
1987,0
9019,0
5302,0
1617,0
8462,0
8719,0
1626,0
5869,0
7759,0
4030,0
5896,0
3515,0
6928,0
6639,0
2043,0
7577,0
3295,0
4254,0
5159,0
4270,0
5100,0
1346,0
7690,0
5628,0
4180,0
3299,0
7081,0
3478,0
8819,0
1241,0
0006,0
9135,0
1988,0
9790,0
2976,0
5951,0
5367,0
8116,0
8339,0
4070,0
2047,0
3354,0
6250,0
3585,0
4866,0
6036,0
5241,0
3726,0
0857,0
3745,0
3709,0
2120,0
2994,0
2151,0
4632,0
6230,0
5703,0
1772,0
9479,0
5566,0
4298,0
9256,0
4143,0
9947,0
5469,0
5199,0
5030,0
4445,0
6079,0
5690,0
8899,0
0438,0
3421,0
4268,0
0384,0
8761,0
5358,0
8919,0
5299,0
4566,0
0073,0
3437,0
7741,0
0107,0
9854,0
0866,0
1903,0
6423,0
0453,0
3310,0
5905,0
5744,0
0037,0
3773,0
6584,0
5464,0
8871,0
5685,0
9373,0
7304,0
5508,0
2311,0
2159,0
6764,0
0371,0
4406,0
9975,0
1158,0
8132,0
2936,0
9570,0
7768,0
3736,0
0086,0
7099,0
0039,0
0516,0
5952,0
8922,0
0852,0
2991,0
6956,0
0244,0
4248,0
8087,0
9591,0
2297,0
6907,0
1993,0
8227,0
8422,0
3891,0
3416,0
1233,0
7733,0
0020,0
1331,0
8203,0
7326,0
1532,0
0385,0
2925,0
9937,0
3471,0
3383,0
6642,0
3962,0
6214,0
3992,0
9331,0
9595,0
9719,0
9657,0
1134,0
8552,0
4679,0
2747,0
0258,0
4607,0
1068,0
3335,0
1020,0
9106,0
7375,0
3877,0
9900,0
5407,0
4243,0
4990,0
2858,0
6811,0
8585,0
2003,0
3101,0
1737,0
3371,0
2410,0
1203,0
8080,0
6989,0
5055,0
5782,0
1761,0
3677,0
1798,0
8058,0
0717,0
9114,0
2391,0
9206,0
0680,0
3403,0
0133,0
9825,0
0189,0
7659,0
2883,0
4506,0
0458,0
8440,0
1789,0
3611,0
7553,0
2291,0
3823,0
5913,0
5415,0
5605,0
4738,0
2270,0
5777,0
6458,0
7621,0
1651,0
1183,0
5752,0
6801,0
1364,0
2523,0
5009,0
5865,0
9569,0
4503,0
6710,0
9738,0
5720,0
5374,0
7077,0
8337,0
9995,0
4551,0
9551,0
6919,0
3883,0
8678,0
3828,0
5041,0
5292,0
5176,0
2716,0
7781,0
0387,0
8230,0
5669,0
7295,0
8709,0
8721,0
4450,0
3545,0
9001,0
5490,0
6066,0
9155,0
1105,0
0937,0
5152,0
5459,0
1910,0
4706,0
9297,0
4099,0
0907,0
6689,0
7314,0
2070,0
2620,0
7673,0
8685,0
2235,0
4199,0
3714,0
4916,0
9695,0
5167,0
3454,0
2340,0
1777,0
4407,0
9734,0
5904,0
1668,0
8694,0
5401,0
1559,0
6252,0
6721,0
8767,0
1302,0
8578,0
8924,0
1215,0
7115,0
6542,0
0807,0
2153,0
7136,0
7324,0
7567,0
7530,0
8100,0
8247,0
9629,0
6425,0
6135,0
7169,0
6260,0
3170,0
4977,0
3277,0
4153,0
2943,0
3204,0
3055,0
3030,0
7803,0
8691,0
6333,0
2409,0
2289,0
1061,0
2214,0
1393,0
7356,0
7692,0
7284,0
2078,0
4344,0
7966,0
0159,0
3143,0
7248,0
7476,0
0103,0
3415,0
9725,0
4641,0
3378,0
5635,0
9575,0
5520,0
8723,0
5696,0
3442,0
3660,0
7572,0
0366,0
0597,0
0850,0
2065,0
1981,0
7227,0
0225,0
1750,0
5624,0
7272,0
2381,0
4590,0
0282,0
4381,0
0974,0
0703,0
5630,0
9830,0
6558,0
8856,0
0952,0
0674,0
7697,0
5850,0
7708,0
1844,0
9286,0
8952,0
9259,0
6047,0
4232,0
4411,0
3506,0
3151,0
7556,0
3008,0
9991,0
7093,0
8052,0
7893,0
0969,0
5112,0
3298,0
3861,0
8601,0
5314,0
0502,0
3538,0
5907,0
7709,0
2358,0
2037,0
8935,0
5339,0
5527,0
1213,0
4580,0
2131,0
3934,0
5428,0
8644,0
3839,0
4933,0
9405,0
6514,0
4490,0
0686,0
3365,0
8051,0
6893,0
3641,0
1620,0
5989,0
7350,0
1669,0
7988,0
0052,0
5053,0
5128,0
1675,0
1407,0
9745,0
0359,0
0322,0
1155,0
0548,0
3443,0
1194,0
9391,0
3245,0
5375,0
6508,0
3002,0
8468,0
4451,0
5090,0
8347,0
3456,0
9444,0
3374,0
2432,0
1911,0
3013,0
7700,0
7344,0
3501,0
5617,0
4936,0
3003,0
6678,0
6488,0
1972,0
3500,0
5310,0
6080,0
4111,0
3269,0
4142,0
5216,0
4748,0
0477,0
7744,0
5750,0
5421,0
7657,0
5249,0
9956,0
9544,0
3787,0
4275,0
9004,0
8127,0
1220,0
6311,0
3332,0
6776,0
9757,0
0051,0
4118,0
6203,0
5582,0
6011,0
1356,0
5121,0
1018,0
7737,0
7837,0
4794,0
2451,0
7174,0
7083,0
5944,0
8877,0
9471,0
1588,0
4735,0
0586,0
3290,0
4571,0
7928,0
9662,0
0389,0
0527,0
9690,0
2582,0
5589,0
4708,0
9115,0
2054,0
3218,0
9101,0
7971,0
0747,0
7701,0
2093,0
6040,0
6715,0
3856,0
4027,0
8943,0
5052,0
4532,0
5129,0
9874,0
9965,0
8547,0
5143,0
9907,0
8781,0
1630,0
5058,0
2596,0
3114,0
3400,0
1350,0
1137,0
7037,0
8629,0
4520,0
6969,0
1200,0
7371,0
4915,0
3701,0
0804,0
0428,0
3362,0
1616,0
5510,0
7030,0
2310,0
5074,0
7718,0
5724,0
2263,0
1438,0
6900,0
1841,0
7036,0
8927,0
5206,0
9723,0
1749,0
1902,0
4712,0
0345,0
3004,0
5888,0
3788,0
3214,0
7347,0
3603,0
4215,0
8189,0
1017,0
5675,0
7742,0
6335,0
7503,0
6836,0
4732,0
0803,0
3032,0
5039,0
2519,0
1283,0
5928,0
4816,0
9548,0
3954,0
6507,0
1546,0
4906,0
3897,0
5670,0
5681,0
0182,0
3835,0
4614,0
2581,0
2799,0
9274,0
0965,0
1857,0
5732,0
6509,0
8677,0
4354,0
0191,0
2800,0
8739,0
3551,0
5978,0
9370,0
9316,0
2251,0
9686,0
9765,0
9660,0
7165,0
7974,0
7113,0
8097,0
0600,0
7252,0
4753,0
2429,0
4828,0
2111,0
3083,0
1444,0
4155,0
6783,0
1502,0
7806,0
8255,0
9099,0
8186,0
4347,0
4812,0
5012,0
3007,0
4262,0
4513,0
8430,0
7269,0
5344,0
7671,0
8559,0
5425,0
6361,0
7126,0
6889,0
3885,0
8214,0
3831,0
8618,0
4022,0
8567,0
4073,0
4668,0
0134,0
4168,0
4220,0
5695,0
3576,0
2744,0
5236,0
1939,0
9480,0
5827,0
6699,0
3056,0
7013,0
5187,0
2629,0
2387,0
2404,0
3902,0
8234,0
5051,0
1530,0
3600,0
6123,0
9451,0
8753,0
2121,0
2967,0
4731,0
8864,0
9061,0
9193,0
2116,0
9490,0
8323,0
8944,0
3262,0
2559,0
3347,0
0779,0
7936,0
7309,0
4082,0
3238,0
4221,0
2500,0
4182,0
7299,0
6496,0
0973,0
3820,0
4187,0
0806,0
7206,0
0593,0
2014,0
3125,0
7855,0
6026,0
2871,0
6324,0
4783,0
5294,0
4684,0
7986,0
7019,0
7215,0
0978,0
9173,0
7014,0
4640,0
7457,0
9434,0
7266,0
8475,0
1942,0
5080,0
4538,0
4743,0
5250,0
1139,0
7473,0
1774,0
2398,0
3464,0
4541,0
5613,0
5277,0
6530,0
9696,0
0913,0
1856,0
5301,0
4015,0
7468,0
7485,0
7402,0
6349,0
5931,0
9379,0
0741,0
3467,0
8088,0
3905,0
5773,0
4377,0
6754,0
7048,0
4813,0
5767,0
9090,0
3035,0
7854,0
1550,0
7068,0
6672,0
6520,0
5056,0
4398,0
0063,0
9628,0
4148,0
8394,0
2440,0
4960,0
1752,0
4524,0
1892,0
3951,0
3801,0
9328,0
1292,0
8411,0
3730,0
8624,0
0310,0
8222,0
6351,0
8849,0
1204,0
4280,0
1490,0
7774,0
3769,0
9526,0
9250,0
6734,0
4467,0
7401,0
8104,0
9463,0
3696,0
9132,0
4157,0
2934,0
1893,0
8278,0
0614,0
0966,0
7366,0
4351,0
3814,0
1072,0
3607,0
2681,0
0874,0
8170,0
7022,0
6845,0
6992,0
4475,0
7929,0
2406,0
4872,0
6207,0
3830,0
1921,0
7209,0
0903,0
8690,0
7047,0
9334,0
4521,0
2687,0
0026,0
2400,0
1445,0
1013,0
3001,0
8932,0
7512,0
2790,0
1384,0
4052,0
6590,0
9118,0
9494,0
0690,0
5571,0
2638,0
2339,0
9102,0
8528,0
1060,0
7135,0
1454,0
7055,0
8731,0
8840,0
9540,0
0683,0
9413,0
6193,0
5814,0
6993,0
9505,0
1103,0
2108,0
2576,0
5661,0
5404,0
3217,0
1584,0
2362,0
9832,0
5481,0
6981,0
1594,0
1265,0
6503,0
8456,0
1091,0
0000,0
0503,0
3493,0
2630,0
3926,0
0098,0
8544,0
7558,0
6549,0
3596,0
4327,0
2906,0
4197,0
6013,0
3922,0
5025,0
9972,0
5612,0
4771,0
6974,0
1177,0
2804,0
6300,0
1111,0
8715,0
6396,0
0283,0
6240,0
9266,0
8397,0
6719,0
8612,0
0624,0
3225,0
0629,0
2905,0
4711,0
6619,0
4996,0
0774,0
4951,0
0485,0
5394,0
7499,0
7913,0
2170,0
8388,0
5267,0
4309,0
3995,0
0424,0
5960,0
4537,0
6133,0
4452,0
7691,0
3423,0
4031,0
8645,0
9045,0
2357,0
4567,0
6806,0
1627,0
6564,0
3879,0
0053,0
0116,0
2548,0
6868,0
7836,0
0374,0
2694,0
5601,0
6005,0
3246,0
2071,0
6914,0
8619,0
1621,0
3130,0
4444,0
5576,0
3189,0
7340,0
8419,0
7601,0
8003,0
9779,0
2254,0
1518,0
2595,0
1212,0
7930,0
0536,0
0019,0
9010,0
5486,0
4726,0
0663,0
7271,0
2627,0
3930,0
3439,0
8520,0
6093,0
0653,0
4943,0
3532,0
8886,0
8073,0
7537,0
6541,0
5818,0
0881,0
1360,0
4959,0
4727,0
6387,0
0237,0
0432,0
0895,0
4218,0
2748,0
8354,0
8153,0
4013,0
5201,0
0767,0
3811,0
7470,0
4421,0
0277,0
2320,0
8792,0
1853,0
3851,0
4139,0
5004,0
7246,0
0830,0
6965,0
6970,0
4987,0
4092,0
3398,0
4498,0
9187,0
6746,0
6187,0
9049,0
0778,0
6785,0
8143,0
9782,0
4102,0
1734,0
9517,0
2632,0
1573,0
1001,0
0943,0
4128,0
7617,0
3376,0
5202,0
7571,0
5872,0
9221,0
3049,0
1039,0
9855,0
5456,0
9842,0
9125,0
2489,0
9358,0
6816,0
8785,0
5248,0
3136,0
6386,0
2368,0
0784,0
0456,0
9235,0
8348,0
0612,0
7562,0
0402,0
4815,0
2941,0
6976,0
0127,0
5833,0
4324,0
1376,0
2027,0
0190,0
0155,0
0847,0
9453,0
1467,0
4453,0
4653,0
0343,0
6120,0
3540,0
6510,0
4359,0
8393,0
9056,0
6155,0
8564,0
1628,0
5702,0
8341,0
0274,0
5804,0
8327,0
8821,0
7241,0
9228,0
1611,0
8909,0
6457,0
0613,0
3000,0
4042,0
7707,0
9714,0
0207,0
9276,0
0013,0
0917,0
9589,0
4651,0
8158,0
9305,0
8139,0
1957,0
1602,0
1646,0
9416,0
8289,0
7972,0
8986,0
5745,0
3306,0
4338,0
6411,0
9473,0
5028,0
8815,0
9811,0
4707,0
6826,0
1945,0
5934,0
3855,0
0180,0
3139,0
8705,0
7277,0
6063,0
9750,0
1676,0
5309,0
1956,0
1232,0
6176,0
8740,0
3386,0
1807,0
2736,0
3631,0
2631,0
8265,0
5414,0
4178,0
4664,0
4447,0
8754,0
3289,0
9220,0
3767,0
0481,0
0740,0
1326,0
6168,0
1278,0
3433,0
8320,0
7187,0
4337,0
0344,0
6131,0
3979,0
7189,0
3321,0
0758,0
7306,0
3818,0
7523,0
4898,0
1693,0
1541,0
8748,0
7230,0
3626,0
0721,0
8894,0
7105,0
9622,0
5811,0
4060,0
7259,0
3956,0
8760,0
2080,0
0768,0
4701,0
0828,0
5501,0
5174,0
9762,0
9325,0
0370,0
6851,0
3291,0
0088,0
7827,0
0306,0
5365,0
8196,0
2016,0
2123,0
9632,0
6697,0
5263,0
6453,0
2164,0
9033,0
1030,0
8838,0
8435,0
5355,0
0315,0
4292,0
4234,0
7581,0
7847,0
5089,0
1246,0
8183,0
7063,0
1167,0
1815,0
0659,0
3591,0
4840,0
8572,0
4214,0
2267,0
6269,0
8141,0
7151,0
2764,0
8386,0
2112,0
4924,0
7323,0
0601,0
5247,0
5756,0
9051,0
8920,0
0696,0
1855,0
5560,0
1210,0
5959,0
0479,0
9105,0
5257,0
3284,0
6566,0
7374,0
6329,0
6229,0
3140,0
6487,0
7496,0
8806,0
4662,0
7130,0
4821,0
9964,0
8768,0
3750,0
8219,0
7676,0
5295,0
9873,0
4343,0
8881,0
8625,0
3874,0
0047,0
6364,0
7065,0
5175,0
3076,0
1900,0
2648,0
7333,0
6254,0
4025,0
6951,0
6255,0
9728,0
4540,0
8091,0
5940,0
5377,0
9457,0
6637,0
7217,0
1307,0
7343,0
7748,0
1503,0
9356,0
2407,0
1252,0
7835,0
5770,0
7569,0
1340,0
2059,0
2705,0
1472,0
2966,0
7084,0
3457,0
1645,0
2376,0
9469,0
3261,0
1174,0
4890,0
2209,0
8860,0
8161,0
3637,0
5918,0
6191,0
3699,0
2700,0
4449,0
3039,0
4530,0
1967,0
1784,0
9285,0
3675,0
4486,0
8261,0
3554,0
6124,0
1965,0
8853,0
2184,0
8065,0
3216,0
9146,0
7765,0
7712,0
1069,0
3393,0
7753,0
3766,0
0566,0
1812,0
2881,0
5649,0
8223,0
3241,0
2286,0
9966,0
6730,0
1773,0
7451,0
2182,0
4048,0
5616,0
2496,0
7760,0
2041,0
5574,0
6175,0
4691,0
4104,0
5239,0
1034,0
7188,0
4066,0
8509,0
1780,0
2982,0
5957,0
1367,0
8047,0
5494,0
7085,0
2998,0
0861,0
4138,0
7582,0
0408,0
6253,0
3704,0
1473,0
6591,0
2421,0
9464,0
1883,0
2579,0
7890,0
2899,0
8743,0
3226,0
0372,0
4669,0
2527,0
2964,0
9012,0
6462,0
2247,0
5194,0
1480,0
9843,0
7079,0
3196,0
2136,0
1963,0
5887,0
3116,0
1733,0
2855,0
2885,0
0036,0
1897,0
8103,0
2834,0
8293,0
9262,0
1094,0
1274,0
1080,0
3731,0
9679,0
9268,0
4129,0
4188,0
5557,0
5164,0
3109,0
4638,0
2932,0
6944,0
2817,0
0284,0
9645,0
8037,0
1596,0
2618,0
5626,0
2765,0
0130,0
5293,0
3390,0
9309,0
8463,0
7845,0
0603,0
2450,0
6495,0
8340,0
5109,0
9871,0
5541,0
5444,0
8038,0
6579,0
3167,0
0927,0
4533,0
2191,0
8095,0
5772,0
2682,0
2802,0
8613,0
8638,0
3894,0
1658,0
1775,0
8704,0
7730,0
4942,0
9338,0
6355,0
2763,0
5326,0
4971,0
6427,0
5061,0
3630,0
5672,0
2373,0
4639,0
3741,0
8531,0
4802,0
7450,0
3461,0
4867,0
0636,0
4549,0
5986,0
8301,0
1495,0
5133,0
7514,0
9803,0
4982,0
4604,0
2475,0
8076,0
8983,0
1143,0
0900,0
8556,0
3073,0
5676,0
8533,0
1674,0
2835,0
4814,0
9522,0
2017,0
3207,0
4539,0
3015,0
9989,0
1140,0
6736,0
9159,0
2981,0
0567,0
7611,0
6421,0
9537,0
8031,0
1861,0
7179,0
9443,0
7146,0
4266,0
5912,0
2728,0
7129,0
7614,0
8084,0
2052,0
5947,0
0028,0
0195,0
3080,0
8895,0
1937,0
2045,0
3472,0
8439,0
9994,0
0125,0
4076,0
8304,0
0682,0
5253,0
9578,0
1696,0
8784,0
6718,0
0466,0
5096,0
5126,0
3171,0
5946,0
6497,0
5581,0
7159,0
0976,0
1463,0
6885,0
3958,0
7334,0
6964,0
1765,0
7670,0
9739,0
4054,0
9749,0
0490,0
9558,0
4998,0
4429,0
3667,0
1731,0
1638,0
3920,0
3834,0
7143,0
4150,0
3250,0
1666,0
1850,0
2676,0
0262,0
2366,0
9737,0
9209,0
6504,0
2197,0
4404,0
5426,0
6198,0
4886,0
0497,0
9520,0
0480,0
8401,0
8652,0
8646,0
0518,0
3654,0
8845,0
3301,0
4634,0
1196,0
4399,0
9892,0
5284,0
3188,0
6095,0
1487,0
7999,0
9251,0
1084,0
9134,0
4888,0
9284,0
7379,0
4305,0
7033,0
6468,0
1796,0
8514,0
0877,0
8282,0
8018,0
8720,0
9205,0
8880,0
1709,0
3864,0
7976,0
6419,0
7645,0
2775,0
2097,0
5592,0
3066,0
3455,0
6037,0
0488,0
5278,0
2588,0
2276,0
9703,0
1269,0
9521,0
7660,0
1615,0
1422,0
2009,0
5392,0
0298,0
7766,0
2203,0
4088,0
0505,0
2321,0
0764,0
3315,0
8755,0
1379,0
4158,0
1317,0
9518,0
5990,0
1496,0
7587,0
4883,0
1301,0
7183,0
9289,0
2782,0
2145,0
1842,0
9538,0
0977,0
3069,0
3287,0
0638,0
9672,0
9664,0
1263,0
3247,0
7110,0
3067,0
1787,0
9781,0
5565,0
6266,0
6020,0
3512,0
7072,0
1916,0
3135,0
7844,0
4911,0
6279,0
2356,0
3976,0
7444,0
3267,0
8852,0
5758,0
8485,0
6282,0
2725,0
8467,0
8396,0
3356,0
1176,0
7990,0
4970,0
2464,0
3950,0
1295,0
5162,0
1237,0
6628,0
0623,0
6084,0
8985,0
5460,0
3618,0
1266,0
9620,0
6844,0
4084,0
6395,0
3318,0
5808,0
2426,0
0590,0
5136,0
2611,0
6807,0
0411,0
4379,0
4895,0
3205,0
5026,0
2306,0
6563,0
3668,0
7656,0
5733,0
8663,0
4760,0
0630,0
0079,0
1337,0
9735,0
5650,0
1827,0
8543,0
2539,0
9709,0
9333,0
5507,0
3048,0
7532,0
8727,0
9993,0
5769,0
6470,0
1641,0
5591,0
9446,0
4167,0
5590,0
8195,0
8313,0
5919,0
3483,0
1640,0
2923,0
4529,0
9429,0
9921,0
1904,0
4356,0
1983,0
0620,0
6171,0
0044,0
1932,0
3304,0
3635,0
4105,0
9851,0
8837,0
9759,0
1395,0
7348,0
3708,0
1647,0
6241,0
8184,0
6362,0
5489,0
5023,0
5584,0
6479,0
0450,0
4133,0
5019,0
3612,0
3498,0
7203,0
0367,0
9418,0
6379,0
9727,0
8081,0
6983,0
4559,0
9232,0
8804,0
1578,0
7404,0
5837,0
0884,0
4154,0
5359,0
0084,0
1543,0
6743,0
5083,0
2503,0
7039,0
6891,0
9792,0
0517,0
6223,0
7878,0
0605,0
9881,0
4920,0
9772,0
2987,0
5349,0
7460,0
5693,0
5793,0
2284,0
5608,0
0972,0
7166,0
9875,0
4361,0
0491,0
1570,0
6261,0
1759,0
3093,0
2172,0
6725,0
3633,0
5024,0
3978,0
9299,0
9414,0
4132,0
4222,0
0403,0
7776,0
7902,0
9121,0
0692,0
8112,0
0187,0
9820,0
9713,0
8168,0
2649,0
1412,0
6581,0
1705,0
0075,0
9571,0
9640,0
9071,0
1574,0
7800,0
4196,0
2556,0
7994,0
5700,0
3686,0
9533,0
4926,0
5956,0
1824,0
6682,0
5840,0
7771,0
0464,0
1022,0
7830,0
8171,0
7834,0
6331,0
6003,0
6615,0
5889,0
8344,0
5921,0
4256,0
5995,0
0644,0
2303,0
2094,0
1308,0
9327,0
9856,0
6030,0
4385,0
4847,0
9130,0
4534,0
8061,0
0829,0
5439,0
4038,0
9787,0
0454,0
1713,0
0592,0
0137,0
4041,0
6393,0
0161,0
1157,0
7812,0
5894,0
3005,0
3802,0
5792,0
1100,0
2148,0
